,hyperlinks
0,https://www.youtube.com/watch?v=37x5dKW-X5U
1,https://www.youtube.com/watch?v=QBQWZjvwAR0
2,https://www.youtube.com/watch?v=yZvFH7B6gKI
3,https://www.youtube.com/watch?v=_g5roKHj95o
4,https://www.youtube.com/watch?v=SfE3aO3LWi0
5,https://www.youtube.com/watch?v=lgCNTuLBMK4
6,https://www.youtube.com/watch?v=ywZXpfdqg1o
7,https://www.youtube.com/watch?v=dcXqhMqhZUo
8,https://www.youtube.com/watch?v=x2PdZBAPheM
9,https://www.youtube.com/watch?v=v_QH2c2e070
10,https://www.youtube.com/watch?v=bno03RUhMIY
11,https://www.youtube.com/watch?v=vDcRza6q8i0
12,https://www.youtube.com/watch?v=dMn2QFTyXUQ
13,https://www.youtube.com/watch?v=8iEvvo0R-Mw
14,https://www.youtube.com/watch?v=qWEHO8b6WbA
15,https://www.youtube.com/watch?v=YRJbhFLLPyE
16,https://www.youtube.com/watch?v=PFhFdziYeB4
17,https://www.youtube.com/watch?v=t2oOFs4WgI0
18,https://www.youtube.com/watch?v=dzt0AKuoCqo
19,https://www.youtube.com/watch?v=LBSN34puYcQ
20,https://www.youtube.com/watch?v=QgC7HEIj0aU
21,https://www.youtube.com/watch?v=XKWBteQwO8A
22,https://www.youtube.com/watch?v=dJA7k58zlA8
23,https://www.youtube.com/watch?v=srAhcE22xUo
24,https://www.youtube.com/watch?v=QiqZliDXCCg
25,https://www.youtube.com/watch?v=ubhnPupdSFA
26,https://www.youtube.com/watch?v=8SPjD_UARno
27,https://www.youtube.com/watch?v=t2VuELCQBHA
28,https://www.youtube.com/watch?v=OIKUA3eBegI
29,https://www.youtube.com/watch?v=EV3wyVOhF3c
30,https://www.youtube.com/watch?v=Kq5iPtAc_3I
31,https://www.youtube.com/watch?v=vEudADPTkVs
32,https://www.youtube.com/watch?v=NOJKAzIH8hA
33,https://www.youtube.com/watch?v=0coF0BK7kjU
34,https://www.youtube.com/watch?v=PI1rTHLQ1ok
35,https://www.youtube.com/watch?v=AYWLZ1lES6g
36,https://www.youtube.com/watch?v=T08eJt9DlgU
37,https://www.youtube.com/watch?v=V1g3Ms4bRgc
38,https://www.youtube.com/watch?v=dxxES6YYwMs
39,https://www.youtube.com/watch?v=jWBJ9zturBw
40,https://www.youtube.com/watch?v=oqhQwuQOpJA
41,https://www.youtube.com/watch?v=KJBa1wXzwWo
42,https://www.youtube.com/watch?v=opp5tH4uD-w
43,https://www.youtube.com/watch?v=a4KiExvYJKo
44,https://www.youtube.com/watch?v=b1NNXvDd0zE
45,https://www.youtube.com/watch?v=C_TcsTUKj5A
46,https://www.youtube.com/watch?v=jgXp1EE4Wms
47,https://www.youtube.com/watch?v=Lu3BYhk9nj0
48,https://www.youtube.com/watch?v=uIUvpJdYgSA
49,https://www.youtube.com/watch?v=HoNg-ncwE2c
