video_id,video_title,video_description,video_publishedAt
37x5dKW-X5U,What is Data Analytics | Data Analytics in 5 Minutes | Intellipaat,"Intellipaat Data Analytics course: https://intellipaat.com/data-science-business-analytics-iit-madras/ In this video on Data Analytics, ...",2021-10-19T13:55:59Z
QBQWZjvwAR0,What Does a Data Analyst Actually Do? | Salary &amp; Job Role ü§î,Dataanalyst #powerbi #lokeshlalwani #learnwithlokeshlalwani Here is a link to my Free Masterclass ...,2023-11-03T12:30:11Z
yZvFH7B6gKI,What Is Data Analytics? - An Introduction (Full Guide),Curious about a career in Data Analytics? Book a call with a program advisor: https://bit.ly/47LEBk3 What exactly is data analytics ...,2021-03-25T13:13:45Z
_g5roKHj95o,Master Data Analysis on Excel in Just 10 Minutes,AD: Sign up to enroll for a 7-day free trial with Coursera now!,2023-02-26T18:45:01Z
SfE3aO3LWi0,I started my data analyst career taking these beginner courses,This video is specifically for anyone who is new to the data analysis field and looking to have an idea of what competences are ...,2021-05-11T19:28:57Z
lgCNTuLBMK4,A Beginners Guide To The Data Analysis Process,Curious about a career in Data Analytics? Book a call with a program advisor: https://bit.ly/47LEBk3 What is the data analysis ...,2021-09-30T10:00:32Z
ywZXpfdqg1o,What Does a Data Analyst Actually Do?,What Does a Data Analyst Actually Do? | Let's look at what a Data Analyst actually does from start to finish. We will then look at ...,2020-07-29T13:48:00Z
dcXqhMqhZUo,Data Analytics vs Data Science,Explore analytics tools and solutions ‚Üí https://ibm.biz/BdSPGc Are you interested in data science? And have you heard of data ...,2023-11-08T12:00:38Z
x2PdZBAPheM,How I Would Learn Data Analysis in 2025 (if I Could Start Over),"If I could start Data Analysis over again, where and to be honest how would I start this process? What would I learn, how would I ...",2025-02-03T18:49:15Z
v_QH2c2e070,Data Analytics ll what is data analytics in hindi,dataanalytics #dataanalysis #bigdata #hadoop #data #whatisdataanalytics.,2021-07-28T01:45:48Z
bno03RUhMIY,Data Analyst vs Data Scientist vs  vs Data Engineer | Difference Explained,"If you want to learn DSA + Web Development from us, then you can study from New DSA + Development Batch (Sigma) ...",2024-01-13T15:03:11Z
vDcRza6q8i0,Data Analytics Course ‡§ï‡§æ ‡§™‡•Ç‡§∞‡§æ Roadmap | Data Analytics Kaise Bane? | Data Analytics Full Course,Data Analytics Course ‡§ï‡§æ ‡§™‡•Ç‡§∞‡§æ Roadmap | Data Analytics Kaise Bane? | Data Analytics Full Course Welcome to our Data ...,2023-06-24T13:00:44Z
dMn2QFTyXUQ,How to become a Data Analyst? | Complete Roadmap for Data Analystüî•,Download the Roadmap PDF: ...,2024-07-16T11:30:17Z
8iEvvo0R-Mw,What is Data Analysis in Research? Data Analysis Types-Descriptive/Inferential/Diagnostic/Predictive,"Following are the concepts discussed in this video: what is data analysis in research, what is predictive analysis in research what ...",2023-11-23T08:52:34Z
qWEHO8b6WbA,How I Would Learn Data Analysis (If I Could Start Over in 2024),Boost your Data Analysis career by learning SQL at LearnSQL.com: https://learnsql.com/?ref=stefanmasnikovic Learn how I ...,2022-10-24T13:43:39Z
YRJbhFLLPyE,The Complete Data Analyst Roadmap,Go from zero to a data analyst in 8-16 months. This step-by-step roadmap covers the essential skills you must learn to become a ...,2024-08-06T13:00:37Z
PFhFdziYeB4,What is Data Analysis | 4 Types of Data Analysis | Example of Different Data Analysis Types,Do you know the different type of data analysis you can do or when you are doing the data analysis then what type of analysis it is ...,2021-09-26T14:21:29Z
t2oOFs4WgI0,Beyond the Numbers: A Data Analyst Journey | Anna Leach | TEDxPSU,"When doing data analysis, investing time with people and the process of analyzing data, as well as it's resources, will allow you to ...",2018-03-02T16:36:50Z
dzt0AKuoCqo,Introduction To Data Analytics | Data Analytics For Beginners | Data Analytics Tutorial |Simplilearn,"""  Data Analyst Masters Program (Discount Code - YTBE15) ...",2023-11-15T14:30:17Z
LBSN34puYcQ,Learn 50 Data Analyst Concepts In 6 Minutes,Data Analyst Beginner Roadmap: https://learnwithlukas.com/da/ ‚ñ≠‚ñ≠‚ñ≠‚ñ≠‚ñ≠‚ñ≠‚ñ≠‚ñ≠‚ñ≠‚ñ≠‚ñ≠‚ñ≠‚ñ≠‚ñ≠‚ñ≠‚ñ≠‚ñ≠‚ñ≠‚ñ≠‚ñ≠‚ñ≠‚ñ≠‚ñ≠‚ñ≠‚ñ≠ Let's ...,2023-07-08T07:52:35Z
QgC7HEIj0aU,Steps of data analysis in research (quantitative),Simple and easy explanation of analysis of data & steps of analysis of data with suitable examples Steps of data analysis ...,2021-07-03T12:03:39Z
XKWBteQwO8A,What is Data Analyst Job - Explained in Telugu,learn everything about data analyst career path. I have tried to explain you about data analyst job responsibilities. let me know in ...,2022-01-20T13:38:08Z
dJA7k58zlA8,How I&#39;d become a data analyst (if i had to start over) in 2025,Data Analyst Roadmap 2025. A data analyst career path can be broken down into 3 simple steps with timelines so that it's easy to ...,2024-01-12T14:00:27Z
srAhcE22xUo,Data Analyst ‡§ï‡•à‡§∏‡•á ‡§¨‡§®‡•á? | FASTEST Way to Learn Data Analytics | ü§ë Earn 1 Lakh/Month!,"Complete Roadmap to Become a Data Analyst in 3 Months: Explore Skills, Salaries, and a Proven Success Path. Get Expert ...",2024-11-18T14:38:25Z
QiqZliDXCCg,Exploratory Data Analysis,What is Exploratory Data Analysis: https://ibm.biz/Exploratory_Data_Analysis Create Data Fabric instead of data silos: ...,2022-09-23T11:00:18Z
ubhnPupdSFA,What is Data Analytics | Data Analyst Job Role| Data analyst | In Tamil | Sandeep Iniyan |,"Welcome to our channel   Description of this video: In this video, I explained about Data analytics . hope you find helpful ...",2024-07-14T16:57:39Z
8SPjD_UARno,"How To Become DATA ANALYST In 2025üî•|| Detailed Roadmap, Resources and Projects in Telugu",Checkout Odin School's Data Science Course: https://hubs.la/Q02Rq-V40 Checkout Our Website: https://codedale.tech/ The 6 ...,2024-09-29T05:00:05Z
t2VuELCQBHA,"What I *actually* do as a data analyst | salary, job, harsh reality","Day in the life of a data analyst including data analyst skills, the workflow, the data analyst role and responsibilities, what is a data ...",2024-01-19T14:00:42Z
OIKUA3eBegI,Steps of Data Analysis Process in Research,"Following are the concepts discussed in this video: data analysis, qualitative data analysis, steps of data analysis in research, ...",2023-11-18T16:39:17Z
EV3wyVOhF3c,Data Analyst Roadmap - FASTEST Way To a Data Analyst Job,"Complete Data Analyst Beginner Roadmap: https://learnwithlukas.com/da/ I've talked about how to become a data analyst before, ...",2023-05-11T11:13:15Z
Kq5iPtAc_3I,Data Analysis: How Much STATISTICS Do You Need to Know?,Master data science skills and build your portfolio in 10 minutes a week https://thu-vu.ck.page/49c5ee08f6 Hi everyone! It's been a ...,2021-09-24T07:12:53Z
vEudADPTkVs,Top 5 platforms for free data analysis courses,"In this video, I talk share some insights around platforms where you can access free data analyst courses. Time codes 0:00 - Intro ...",2022-05-11T18:00:19Z
NOJKAzIH8hA,How to tell if a career in Data Analytics is right for you...,Curious about a career in Data Analytics? Book a call with a program advisor: https://bit.ly/47LEBk3 Get started today with ...,2022-09-16T12:00:26Z
0coF0BK7kjU,Is The Google Data Analytics Certificate ACTUALLY Worth It?,Google Data Analytics Certificate: https://coursera.pxf.io/gbNzrg The google data analytics certificate is said to be one of the best ...,2022-08-01T00:00:00Z
PI1rTHLQ1ok,Data Analyst Interview Questions And Answers | Data Analytics Interview Questions and Answers,"If you are planning to land a job in the domain of data analytics, this video is perfect for you! In this video, we will talk about TOP 10 ...",2023-11-09T12:30:13Z
AYWLZ1lES6g,FASTEST Way to Become a Data Analyst and ACTUALLY Get a Job,Learn how I tripled my income as a Data Analyst so I could escape the 9-5: https://learn.stfnvic.com/mastermind Best place to learn ...,2022-07-11T13:07:22Z
T08eJt9DlgU,Data Scientist vs Data Analyst - Which Is Right For You? (2024),Curious about a career in Data Analytics? Book a call with a program advisor: https://bit.ly/47LEBk3 What's the difference between ...,2022-03-24T10:39:28Z
V1g3Ms4bRgc,How I would learn Data Analysis (If i could start over) | Data Analyst Roadmap 2024,"Resources :- https://docs.google.com/document/d/1Rc5LqA2sJRXMIT_MC7QKACxWHS29xzvRs6KV7bjU3dY/edit ""Starting your ...",2024-09-22T12:30:23Z
dxxES6YYwMs,"Types of Qualitative Data Analysis [Purposes, Steps, Example]","This video explains the natur03.3.e, purpose and steps of different common types of qualitative data analysis including thematic, ...",2021-03-17T05:00:16Z
jWBJ9zturBw,"Data analysis, data analysis in hindi, what is data analysis, research methodology",research methodology data collection methods in research research design marketing research types of research design ...,2023-01-16T14:12:57Z
oqhQwuQOpJA,What Does a Data Analyst Actually Do? (2024),Curious about a career in Data Analytics? Book a call with a program advisor: https://bit.ly/47LEBk3 What does a Data Analyst ...,2023-05-11T11:30:20Z
KJBa1wXzwWo,Don&#39;t Become Data Analyst in 2025 üò≤ No Jobs ‚ùì‚ùì,dataanalytics #datascience ****** Here is a link to my Free Masterclass****** https://event.webinarjam.com/register/14/691x7b2 ...,2024-11-01T12:30:06Z
opp5tH4uD-w,Fundamentals of Qualitative Research Methods: Data Analysis (Module 5),"Qualitative research is a strategy for systematic collection, organization, and interpretation of phenomena that are difficult to ...",2015-06-24T00:21:19Z
a4KiExvYJKo,What is Exploratory Data Analysis (EDA)? | Techcanvass,"Learn more about exploratory data analysis (EDA), why it is important and how it helps the actual data analysis with a story!",2021-12-22T10:02:22Z
b1NNXvDd0zE,What is Data Analytics | High Demand Jobs | New Job Opportunities | Good Salary Package| Tamil Hacks,Hi guys welcome to Tamil Hacks 2.0 ‚Äç   Site link: https://bit.ly/3zL42m9 Get Discount code for the Course here: ...,2021-04-24T12:00:08Z
C_TcsTUKj5A,Data Analysis ‡§ï‡•ç‡§Ø‡§æ ‡§π‡•ã‡§§‡§æ ‡§π‡•à‡§Ç? | Data Analyst Job Profile,"‡§°‡•á‡§ü‡§æ ‡§µ‡§ø‡§∂‡•ç‡§≤‡•á‡§∑‡§£ ‡§ï‡•ç‡§Ø‡§æ ‡§π‡•à, ‡§î‡§∞ 2022 ‡§Æ‡•á‡§Ç ‡§°‡•á‡§ü‡§æ ‡§µ‡§ø‡§∂‡•ç‡§≤‡•á‡§∑‡§ï ‡§ï‡§æ ‡§ï‡§æ‡§Æ ‡§ï‡•ç‡§Ø‡§æ ‡§π‡•à? ‡§ü‡•á‡§ï ...",2022-05-07T13:00:06Z
jgXp1EE4Wms,Data Analytics - The 9 Essential Tools! (2024),Curious about a career in Data Analytics? Book a call with a program advisor: https://bit.ly/47LEBk3 Looking to get started in Data ...,2021-11-26T09:23:21Z
Lu3BYhk9nj0,The Truth About Data Analytics Career in 2025 #tanaypratap,"In this video, let's dig deeper into the idea of Data Analysis. With 1000+ job openings, why are people still struggling to get in to ...",2024-11-24T14:30:06Z
uIUvpJdYgSA,What is Data Science? | Completely RoadMap | Simply Explained,You can start Placement Preparation with me in Alpha Plus Alpha Plus Placement Batch (Java+DSA) ...,2023-09-13T15:15:55Z
HoNg-ncwE2c,The Harsh Reality of Being a Data Analyst,Intro to Python eBook (free) https://clickhubspot.com/xr5 Data Analyst is a great role to be in but it comes with its cons. In this ...,2023-08-28T14:10:00Z
